"","UserID","Gender","Age","Occupation","Region","HistoryOrders","AvgConsumption","RecentPurchaseDays"
"1",1,"Female",54,"Student","South",42,269.84,205
"2",2,"Male",18,"Business","West",26,189.49,215
"3",3,"Female",42,"Engineer","Central",9,489.78,186
"4",4,"Female",27,"Engineer","South",19,420.04,334
"5",5,"Male",53,"Teacher","Central",17,108.23,234
"6",6,"Male",35,"Teacher","North",15,262.08,58
"7",7,"Male",64,"Doctor","Central",7,468.28,24
"8",8,"Female",41,"Business","West",20,115.47,42
"9",9,"Male",24,"Engineer","North",36,234.58,42
"10",10,"Female",53,"Student","South",22,86.96,49
"11",11,"Male",42,"Business","Central",49,468.89,44
"12",12,"Male",54,"Doctor","South",46,418.25,312
"13",13,"Female",63,"Student","South",1,139.82,325
"14",14,"Male",37,"Teacher","North",32,332,356
"15",15,"Male",43,"Teacher","Central",27,263.13,87
"16",16,"Male",64,"Student","East",30,335.17,8
"17",17,"Male",20,"Teacher","West",27,329.98,267
"18",18,"Male",58,"Student","South",41,450.03,336
"19",19,"Male",42,"Teacher","East",8,254.83,105
"20",20,"Female",44,"Business","Central",32,459.21,290
"21",21,"Female",53,"Business","West",16,385.24,325
"22",22,"Male",54,"Student","East",44,391.15,123
"23",23,"Female",48,"Student","North",5,245.18,213
"24",24,"Female",62,"Teacher","North",11,65.76,2
"25",25,"Female",22,"Business","East",18,448.99,175
"26",26,"Female",37,"Business","Central",32,202.89,185
"27",27,"Male",51,"Doctor","West",10,305.45,287
"28",28,"Female",45,"Doctor","West",27,66.91,206
"29",29,"Female",57,"Business","East",26,390.05,46
"30",30,"Female",20,"Student","Central",15,443.4,31
"31",31,"Male",50,"Doctor","South",13,103.06,267
"32",32,"Male",59,"Business","East",50,160.95,80
"33",33,"Female",41,"Doctor","West",22,164.81,185
"34",34,"Female",47,"Doctor","South",36,53.7,289
"35",35,"Female",60,"Business","West",39,437.92,198
"36",36,"Male",32,"Business","South",18,234.98,199
"37",37,"Male",39,"Teacher","West",47,362.55,41
"38",38,"Female",25,"Teacher","East",43,193.58,313
"39",39,"Female",53,"Doctor","Central",46,250.68,287
"40",40,"Male",21,"Business","East",6,413.4,322
"41",41,"Male",39,"Doctor","Central",32,255.51,94
"42",42,"Female",35,"Teacher","South",23,202.62,107
"43",43,"Female",62,"Student","South",14,398.68,152
"44",44,"Female",45,"Teacher","West",7,489.18,298
"45",45,"Male",22,"Business","South",5,235.15,4
"46",46,"Male",21,"Doctor","West",42,354.8,124
"47",47,"Female",51,"Student","North",33,288.44,130
"48",48,"Female",52,"Doctor","East",32,107.85,109
"49",49,"Male",41,"Student","Central",29,72.45,234
"50",50,"Male",40,"Student","South",36,66.74,98
"51",51,"Male",43,"Business","North",36,482.89,245
"52",52,"Female",23,"Doctor","North",42,206.18,141
"53",53,"Female",23,"Student","North",26,400.17,82
"54",54,"Female",19,"Engineer","North",26,149.75,32
"55",55,"Female",20,"Teacher","South",48,408.82,283
"56",56,"Female",38,"Doctor","West",16,208.38,166
"57",57,"Female",19,"Teacher","North",16,62.76,186
"58",58,"Female",55,"Business","Central",25,339.88,83
"59",59,"Female",27,"Engineer","North",29,271.26,317
"60",60,"Male",57,"Student","East",26,169.73,84
"61",61,"Male",22,"Doctor","West",18,203.58,4
"62",62,"Male",50,"Engineer","West",12,80.99,149
"63",63,"Male",56,"Doctor","North",17,87.96,273
"64",64,"Female",53,"Business","West",9,476.29,25
"65",65,"Male",62,"Teacher","South",2,394.93,287
"66",66,"Female",59,"Business","Central",48,481.52,341
"67",67,"Female",26,"Student","Central",27,451.14,365
"68",68,"Female",46,"Teacher","Central",20,496.32,255
"69",69,"Male",29,"Engineer","East",9,180.52,25
"70",70,"Male",37,"Business","West",32,401.86,181
"71",71,"Female",26,"Engineer","South",10,234.21,172
"72",72,"Male",60,"Business","Central",12,219.56,308
"73",73,"Female",52,"Student","South",45,480.43,0
"74",74,"Female",46,"Student","South",44,277.52,179
"75",75,"Female",33,"Engineer","Central",6,72.27,135
"76",76,"Male",54,"Engineer","West",39,109.65,146
"77",77,"Female",45,"Engineer","West",35,397.23,280
"78",78,"Female",63,"Business","South",13,418.45,83
"79",79,"Male",22,"Business","East",4,219.54,188
"80",80,"Male",45,"Business","East",19,69.49,166
"81",81,"Female",19,"Teacher","Central",50,254.34,361
"82",82,"Female",35,"Engineer","Central",22,93.14,328
"83",83,"Female",41,"Student","North",45,171.77,4
"84",84,"Female",35,"Doctor","North",18,470.36,238
"85",85,"Female",22,"Student","South",46,438.63,232
"86",86,"Female",63,"Teacher","Central",47,499.61,34
"87",87,"Female",57,"Student","East",2,108.43,65
"88",88,"Male",57,"Engineer","East",1,295.38,272
"89",89,"Female",38,"Student","West",37,424.46,212
"90",90,"Male",53,"Business","East",38,485.78,165
"91",91,"Male",53,"Student","East",9,464.09,146
"92",92,"Male",56,"Teacher","East",44,120.66,76
"93",93,"Male",59,"Doctor","Central",41,72.65,175
"94",94,"Female",35,"Student","South",41,424.57,234
"95",95,"Male",44,"Student","North",27,108.45,24
"96",96,"Male",30,"Student","West",34,222.62,228
"97",97,"Male",36,"Engineer","North",23,375.32,66
"98",98,"Male",49,"Doctor","West",48,76.17,279
"99",99,"Female",33,"Engineer","South",49,126.26,214
"100",100,"Female",46,"Student","North",16,221.93,362
"101",101,"Male",34,"Engineer","West",9,160.08,144
"102",102,"Female",61,"Doctor","East",41,237.63,258
"103",103,"Female",26,"Teacher","West",39,197.61,241
"104",104,"Female",38,"Engineer","North",24,107.61,41
"105",105,"Male",60,"Engineer","South",22,214.36,173
"106",106,"Female",65,"Teacher","West",12,318.3,45
"107",107,"Male",25,"Student","Central",39,391.64,365
"108",108,"Female",46,"Teacher","East",26,292.6,126
"109",109,"Male",55,"Business","Central",36,172.96,292
"110",110,"Male",18,"Business","East",16,471.2,336
"111",111,"Female",30,"Student","North",24,291.02,288
"112",112,"Male",31,"Engineer","South",8,441.8,15
"113",113,"Male",22,"Doctor","North",39,396.32,17
"114",114,"Male",26,"Student","North",27,364.69,79
"115",115,"Male",33,"Business","Central",18,77.78,166
"116",116,"Male",43,"Business","East",12,394.18,190
"117",117,"Male",60,"Teacher","South",32,160.35,231
"118",118,"Female",59,"Doctor","West",11,102.97,55
"119",119,"Female",59,"Engineer","West",0,412.27,296
"120",120,"Female",50,"Engineer","East",37,492.29,131
"121",121,"Female",46,"Doctor","East",18,208.97,125
"122",122,"Female",42,"Doctor","North",44,88.92,80
"123",123,"Male",49,"Student","West",18,52.53,124
"124",124,"Female",34,"Engineer","North",36,247.85,3
"125",125,"Male",63,"Engineer","West",22,137.97,138
"126",126,"Female",31,"Student","South",26,76.11,258
"127",127,"Female",64,"Student","West",30,406.74,325
"128",128,"Male",23,"Student","West",21,190.61,153
"129",129,"Male",64,"Student","North",12,200.68,42
"130",130,"Male",60,"Doctor","West",13,493.44,362
"131",131,"Male",54,"Student","North",45,204.29,157
"132",132,"Male",33,"Doctor","East",43,362.43,44
"133",133,"Male",48,"Teacher","South",19,248.92,257
"134",134,"Female",51,"Student","Central",7,213.75,243
"135",135,"Female",47,"Business","North",42,393.83,129
"136",136,"Male",49,"Business","North",13,399.07,208
"137",137,"Male",23,"Business","West",1,190.26,155
"138",138,"Male",39,"Business","West",13,167.19,157
"139",139,"Female",55,"Business","North",29,357.33,227
"140",140,"Male",48,"Student","North",9,376.09,150
"141",141,"Male",23,"Teacher","Central",1,372.53,80
"142",142,"Male",37,"Student","Central",41,246.88,276
"143",143,"Male",32,"Student","East",31,119.36,279
"144",144,"Female",51,"Engineer","South",2,98.48,58
"145",145,"Male",59,"Engineer","West",33,263.9,55
"146",146,"Female",40,"Business","North",27,468.69,83
"147",147,"Female",29,"Student","Central",27,182.83,329
"148",148,"Male",43,"Engineer","East",29,254.07,317
"149",149,"Female",58,"Student","North",9,347.74,0
"150",150,"Female",18,"Business","East",24,237,234
"151",151,"Male",19,"Student","East",46,79.58,303
"152",152,"Male",41,"Engineer","West",18,96.76,27
"153",153,"Female",51,"Teacher","East",11,472.15,15
"154",154,"Female",42,"Engineer","South",17,472.63,155
"155",155,"Female",45,"Business","East",30,459.88,354
"156",156,"Female",60,"Engineer","South",17,115.05,174
"157",157,"Female",31,"Business","East",42,139.84,358
"158",158,"Female",51,"Student","East",8,347.87,87
"159",159,"Male",19,"Engineer","Central",7,163.16,357
"160",160,"Male",48,"Business","South",40,426.33,59
"161",161,"Female",49,"Teacher","South",7,131.81,243
"162",162,"Female",44,"Doctor","Central",34,476.57,201
"163",163,"Male",27,"Student","Central",7,250.56,155
"164",164,"Male",45,"Doctor","South",9,438.23,178
"165",165,"Male",54,"Student","North",9,188.68,318
"166",166,"Female",27,"Student","West",33,446.57,322
"167",167,"Female",22,"Teacher","East",10,295.18,9
"168",168,"Male",52,"Business","South",41,336.75,92
"169",169,"Female",31,"Business","South",47,63.67,311
"170",170,"Male",31,"Engineer","East",19,234.18,328
"171",171,"Female",45,"Teacher","Central",1,303.34,64
"172",172,"Female",50,"Doctor","Central",30,113.04,141
"173",173,"Female",54,"Engineer","West",24,277.79,287
"174",174,"Male",52,"Teacher","East",9,304.29,317
"175",175,"Male",43,"Business","South",45,74.63,90
"176",176,"Male",48,"Business","West",50,369.13,271
"177",177,"Female",62,"Teacher","North",31,323.92,53
"178",178,"Male",60,"Doctor","West",35,118.12,98
"179",179,"Female",49,"Teacher","West",47,284.86,47
"180",180,"Male",34,"Engineer","North",14,406.99,166
"181",181,"Male",44,"Business","East",22,233.97,321
"182",182,"Female",47,"Teacher","North",23,192.14,185
"183",183,"Male",53,"Business","East",24,272.63,343
"184",184,"Male",37,"Business","West",10,342.02,127
"185",185,"Male",28,"Business","North",18,342.44,102
"186",186,"Male",34,"Teacher","Central",41,276.04,6
"187",187,"Female",26,"Teacher","North",33,336.02,85
"188",188,"Female",34,"Business","West",4,213.27,249
"189",189,"Male",30,"Business","Central",18,199.86,102
"190",190,"Male",48,"Engineer","Central",22,68.55,9
"191",191,"Female",18,"Business","West",42,443.73,323
"192",192,"Female",34,"Business","South",49,283.35,173
"193",193,"Female",50,"Doctor","North",42,268.44,348
"194",194,"Female",45,"Teacher","North",41,108.97,46
"195",195,"Female",19,"Teacher","East",4,250.7,265
"196",196,"Female",48,"Engineer","East",44,147.76,55
"197",197,"Female",25,"Doctor","Central",20,422.41,288
"198",198,"Male",33,"Student","South",41,411.04,61
"199",199,"Female",20,"Student","South",16,427.74,234
"200",200,"Female",54,"Doctor","South",34,482.5,61
"201",201,"Male",30,"Engineer","Central",45,158.79,284
"202",202,"Male",29,"Doctor","North",9,410.51,353
"203",203,"Male",18,"Student","South",27,122.37,161
"204",204,"Female",47,"Student","East",33,181.82,214
"205",205,"Male",48,"Teacher","East",21,158.1,348
"206",206,"Female",54,"Business","East",4,320.33,365
"207",207,"Female",64,"Teacher","South",23,103.93,83
"208",208,"Female",23,"Engineer","East",11,327.95,296
"209",209,"Female",33,"Student","West",14,66.85,142
"210",210,"Female",27,"Doctor","South",25,331.59,199
"211",211,"Female",24,"Teacher","West",37,329.88,120
"212",212,"Male",26,"Teacher","South",32,267.94,134
"213",213,"Female",58,"Engineer","East",27,249.04,82
"214",214,"Female",42,"Doctor","West",22,106.76,85
"215",215,"Male",20,"Teacher","West",44,382.88,190
"216",216,"Male",35,"Engineer","South",40,370.59,2
"217",217,"Female",64,"Doctor","Central",13,274.7,92
"218",218,"Male",45,"Doctor","North",11,174.41,302
"219",219,"Male",32,"Engineer","West",17,346.46,355
"220",220,"Male",46,"Teacher","Central",6,103.5,111
"221",221,"Male",37,"Teacher","East",15,189.47,333
"222",222,"Male",42,"Student","North",11,329.37,16
"223",223,"Female",33,"Teacher","West",43,125.83,113
"224",224,"Female",41,"Student","Central",5,249.04,362
"225",225,"Male",50,"Doctor","West",18,401.79,43
"226",226,"Male",55,"Doctor","West",49,201.54,1
"227",227,"Female",60,"Teacher","Central",1,399.52,99
"228",228,"Male",58,"Engineer","Central",7,103.85,146
"229",229,"Female",39,"Teacher","East",23,68.67,248
"230",230,"Female",43,"Engineer","South",20,193.06,48
"231",231,"Female",37,"Student","Central",32,414.43,227
"232",232,"Male",62,"Doctor","Central",24,421.37,227
"233",233,"Female",54,"Doctor","West",46,67.14,297
"234",234,"Female",60,"Doctor","South",27,418.69,341
"235",235,"Female",32,"Business","East",49,266.8,205
"236",236,"Male",38,"Teacher","East",45,151.9,246
"237",237,"Male",51,"Teacher","South",24,205.91,169
"238",238,"Male",42,"Engineer","South",32,114.28,74
"239",239,"Male",55,"Engineer","North",5,252.07,191
"240",240,"Male",18,"Engineer","East",18,86.76,191
"241",241,"Male",31,"Business","West",35,438.58,324
"242",242,"Female",65,"Student","North",20,293.35,60
"243",243,"Female",28,"Business","East",0,97.11,181
"244",244,"Female",45,"Student","Central",0,447.63,72
"245",245,"Female",35,"Business","West",0,227.89,67
"246",246,"Female",51,"Doctor","North",14,106.04,92
"247",247,"Female",59,"Teacher","South",25,497.6,234
"248",248,"Female",53,"Doctor","West",26,466.79,100
"249",249,"Male",37,"Engineer","South",17,81.35,89
"250",250,"Female",32,"Business","South",20,443.49,258
"251",251,"Female",24,"Teacher","East",29,169.46,51
"252",252,"Male",44,"Teacher","West",10,330.98,324
"253",253,"Female",47,"Business","Central",32,267.63,13
"254",254,"Male",22,"Teacher","East",29,285.64,337
"255",255,"Male",39,"Doctor","Central",9,310.66,12
"256",256,"Female",37,"Engineer","East",40,437.33,57
"257",257,"Male",58,"Teacher","Central",36,183.61,283
"258",258,"Male",28,"Business","East",37,180.65,2
"259",259,"Female",45,"Student","West",42,227.8,111
"260",260,"Female",55,"Teacher","Central",36,188.7,243
"261",261,"Female",59,"Teacher","North",18,437.38,200
"262",262,"Female",26,"Doctor","North",5,242.25,41
"263",263,"Female",40,"Business","North",7,242.73,327
"264",264,"Male",43,"Doctor","North",15,233.03,19
"265",265,"Female",58,"Student","North",16,319.69,333
"266",266,"Female",28,"Engineer","North",43,307.75,103
"267",267,"Male",36,"Doctor","East",41,339.86,258
"268",268,"Male",45,"Student","Central",7,425.61,124
"269",269,"Male",38,"Doctor","North",39,346.1,72
"270",270,"Female",53,"Business","West",38,294.59,335
"271",271,"Female",59,"Engineer","Central",45,359.97,62
"272",272,"Female",39,"Student","East",46,71.34,77
"273",273,"Male",42,"Engineer","West",46,284.8,344
"274",274,"Female",47,"Business","South",10,411.23,102
"275",275,"Male",38,"Student","North",41,157.67,71
"276",276,"Male",61,"Engineer","North",50,486.9,4
"277",277,"Male",38,"Doctor","West",49,264.54,131
"278",278,"Male",23,"Business","South",14,52.85,8
"279",279,"Male",64,"Business","North",30,125.45,28
"280",280,"Male",58,"Engineer","South",46,466.19,48
"281",281,"Female",27,"Business","North",18,291.74,112
"282",282,"Female",41,"Engineer","North",44,361.27,42
"283",283,"Male",24,"Doctor","South",22,213.78,74
"284",284,"Female",31,"Engineer","North",24,390.02,249
"285",285,"Female",29,"Teacher","North",2,253.81,48
"286",286,"Female",27,"Teacher","South",27,178.42,135
"287",287,"Female",42,"Engineer","East",41,111.14,169
"288",288,"Male",54,"Doctor","West",15,422.45,36
"289",289,"Female",19,"Doctor","North",20,224.85,151
"290",290,"Male",52,"Business","South",44,407.08,213
"291",291,"Female",51,"Business","Central",26,112.06,212
"292",292,"Male",44,"Business","North",30,277.77,349
"293",293,"Male",63,"Business","South",49,204.12,52
"294",294,"Male",48,"Business","Central",32,434.42,335
"295",295,"Male",44,"Engineer","North",8,365.39,141
"296",296,"Male",33,"Teacher","North",42,391.44,200
"297",297,"Female",53,"Doctor","Central",36,317.75,172
"298",298,"Female",41,"Doctor","North",45,263.09,339
"299",299,"Female",55,"Teacher","West",26,416.98,12
"300",300,"Female",38,"Teacher","East",34,464.18,82
"301",301,"Female",37,"Teacher","Central",4,359.25,211
"302",302,"Male",28,"Student","South",27,370.79,186
"303",303,"Male",50,"Engineer","West",10,295.06,53
"304",304,"Male",31,"Business","North",45,238.71,292
"305",305,"Female",45,"Doctor","South",47,428.42,347
"306",306,"Male",50,"Engineer","North",36,79.44,139
"307",307,"Female",46,"Business","Central",7,447.49,131
"308",308,"Male",53,"Business","West",37,376.06,320
"309",309,"Male",62,"Engineer","East",20,86.38,191
"310",310,"Female",49,"Student","West",3,95.21,99
"311",311,"Male",55,"Student","East",4,416.23,356
"312",312,"Female",39,"Student","West",23,105.07,303
"313",313,"Male",61,"Business","North",11,401.77,8
"314",314,"Male",24,"Business","South",49,140.91,210
"315",315,"Male",61,"Teacher","Central",38,422.1,104
"316",316,"Female",22,"Doctor","East",27,59.74,225
"317",317,"Female",48,"Engineer","West",44,131.78,353
"318",318,"Male",49,"Engineer","Central",41,268.94,147
"319",319,"Female",35,"Doctor","Central",47,496.4,135
"320",320,"Female",56,"Teacher","East",35,132.69,31
"321",321,"Female",30,"Engineer","North",1,52.13,267
"322",322,"Male",47,"Doctor","West",11,103.17,67
"323",323,"Male",19,"Teacher","East",44,276.23,98
"324",324,"Male",45,"Business","West",0,197.12,245
"325",325,"Female",20,"Teacher","South",46,296.15,199
"326",326,"Male",50,"Engineer","Central",11,370.31,179
"327",327,"Male",64,"Engineer","Central",46,248.23,111
"328",328,"Male",46,"Engineer","West",47,291.69,251
"329",329,"Male",37,"Engineer","Central",30,397.73,344
"330",330,"Female",60,"Student","East",48,376,346
"331",331,"Male",26,"Business","East",48,297.21,14
"332",332,"Female",27,"Teacher","North",0,161.13,248
"333",333,"Female",24,"Teacher","West",48,148.22,23
"334",334,"Male",45,"Student","West",9,338.71,71
"335",335,"Female",35,"Doctor","South",30,464.33,100
"336",336,"Male",42,"Student","West",2,471.88,176
"337",337,"Female",61,"Doctor","West",16,222.99,107
"338",338,"Male",27,"Engineer","South",3,115.65,256
"339",339,"Male",26,"Engineer","South",24,378.18,25
"340",340,"Female",36,"Engineer","West",10,269.03,315
"341",341,"Male",32,"Business","East",38,163.64,293
"342",342,"Female",63,"Teacher","East",9,422.51,275
"343",343,"Male",20,"Student","South",15,115.07,247
"344",344,"Male",39,"Student","Central",6,317.55,93
"345",345,"Male",37,"Teacher","Central",34,172.54,86
"346",346,"Female",59,"Teacher","Central",30,473.27,186
"347",347,"Male",51,"Student","North",49,115.38,301
"348",348,"Female",40,"Engineer","East",20,459.92,283
"349",349,"Male",34,"Business","West",25,366.36,111
"350",350,"Male",35,"Teacher","Central",28,174.48,180
"351",351,"Male",36,"Engineer","North",42,77.14,212
"352",352,"Male",63,"Doctor","North",36,367.73,60
"353",353,"Male",34,"Business","North",47,123.76,84
"354",354,"Female",47,"Business","East",12,129.56,77
"355",355,"Female",27,"Business","North",3,279.89,249
"356",356,"Male",54,"Student","West",50,202.35,335
"357",357,"Female",62,"Teacher","East",46,69.4,45
"358",358,"Female",27,"Teacher","Central",7,429.42,320
"359",359,"Male",65,"Teacher","Central",34,188.07,154
"360",360,"Male",51,"Business","East",8,266.64,119
"361",361,"Female",21,"Business","North",12,221.1,19
"362",362,"Male",42,"Engineer","East",4,346.11,362
"363",363,"Female",43,"Teacher","West",11,459.89,259
"364",364,"Female",56,"Doctor","South",3,409.16,179
"365",365,"Male",50,"Business","South",24,229.27,265
"366",366,"Female",63,"Teacher","East",9,112.67,69
"367",367,"Male",39,"Doctor","Central",2,185.17,288
"368",368,"Male",61,"Business","Central",38,175.92,184
"369",369,"Female",36,"Student","East",37,164.12,322
"370",370,"Female",23,"Doctor","East",16,401.99,44
"371",371,"Female",61,"Student","South",25,352.69,283
"372",372,"Female",42,"Doctor","West",19,254.47,88
"373",373,"Male",47,"Doctor","East",41,218.61,206
"374",374,"Female",59,"Engineer","East",19,172.98,116
"375",375,"Female",56,"Student","West",11,181.98,268
"376",376,"Male",42,"Business","Central",19,262.13,318
"377",377,"Female",19,"Business","East",27,225.44,174
"378",378,"Male",55,"Student","West",34,61.19,19
"379",379,"Male",26,"Business","West",49,435.48,333
"380",380,"Female",28,"Business","South",2,112.92,273
"381",381,"Female",23,"Doctor","South",46,473.69,351
"382",382,"Female",48,"Teacher","South",11,302.04,236
"383",383,"Female",22,"Teacher","North",46,167.03,109
"384",384,"Female",31,"Doctor","East",34,67.94,175
"385",385,"Female",59,"Teacher","North",30,278.68,52
"386",386,"Male",64,"Teacher","Central",19,273.42,295
"387",387,"Female",18,"Student","Central",22,217.8,184
"388",388,"Male",58,"Engineer","North",37,306.62,364
"389",389,"Male",27,"Student","South",9,485.77,163
"390",390,"Female",29,"Engineer","North",25,86.81,80
"391",391,"Female",39,"Engineer","East",30,375.2,150
"392",392,"Female",18,"Student","South",37,402.98,212
"393",393,"Male",60,"Engineer","Central",42,66.87,342
"394",394,"Male",21,"Teacher","Central",0,140.57,195
"395",395,"Male",20,"Teacher","North",41,199.45,77
"396",396,"Male",55,"Student","North",34,305.13,15
"397",397,"Male",22,"Teacher","East",12,54.92,50
"398",398,"Female",59,"Engineer","West",4,88.39,163
"399",399,"Male",37,"Business","South",41,258.33,281
"400",400,"Male",51,"Engineer","North",47,252.46,89
"401",401,"Female",40,"Teacher","South",13,391.67,202
"402",402,"Female",53,"Doctor","North",26,440.65,326
"403",403,"Female",37,"Doctor","North",26,133.49,168
"404",404,"Male",26,"Business","North",32,391.63,312
"405",405,"Male",44,"Business","North",31,94.92,107
"406",406,"Female",63,"Doctor","Central",0,149.49,16
"407",407,"Female",63,"Doctor","West",31,452.93,308
"408",408,"Male",20,"Doctor","South",42,411.7,320
"409",409,"Female",48,"Engineer","Central",13,125.31,21
"410",410,"Female",35,"Student","West",32,493.17,108
"411",411,"Female",27,"Business","South",19,418.1,55
"412",412,"Male",50,"Engineer","South",2,249.49,351
"413",413,"Male",57,"Business","West",2,313.14,129
"414",414,"Male",37,"Engineer","Central",48,448.93,159
"415",415,"Female",54,"Teacher","East",50,414.88,158
"416",416,"Female",23,"Student","East",50,384.25,68
"417",417,"Male",46,"Teacher","East",22,428.88,334
"418",418,"Male",63,"Business","North",45,232.97,167
"419",419,"Female",21,"Student","West",32,442.78,338
"420",420,"Male",44,"Teacher","North",5,457.8,296
"421",421,"Male",26,"Engineer","North",5,451.3,216
"422",422,"Male",57,"Business","South",13,53.74,253
"423",423,"Male",40,"Engineer","East",48,327.27,128
"424",424,"Female",65,"Engineer","West",19,254.62,184
"425",425,"Female",43,"Teacher","North",7,305.68,343
"426",426,"Male",29,"Student","Central",8,454.73,278
"427",427,"Male",27,"Engineer","East",35,126.36,63
"428",428,"Male",63,"Doctor","West",38,395.09,202
"429",429,"Male",60,"Business","East",35,100.88,117
"430",430,"Male",40,"Engineer","South",14,394.77,241
"431",431,"Female",44,"Doctor","North",6,173.21,297
"432",432,"Female",51,"Teacher","North",28,474.89,120
"433",433,"Male",33,"Engineer","West",14,250.69,356
"434",434,"Male",63,"Business","South",29,293.8,145
"435",435,"Male",42,"Student","Central",15,122.79,76
"436",436,"Male",45,"Student","West",44,361.87,339
"437",437,"Male",32,"Business","West",16,408.77,209
"438",438,"Male",55,"Business","West",46,398.11,178
"439",439,"Female",40,"Student","West",0,145.98,339
"440",440,"Male",36,"Student","East",18,141.62,247
"441",441,"Male",27,"Engineer","West",7,334.96,162
"442",442,"Female",30,"Teacher","East",47,392.45,115
"443",443,"Female",55,"Student","Central",45,413.59,345
"444",444,"Male",18,"Student","West",10,423.02,73
"445",445,"Male",28,"Teacher","East",9,103.36,86
"446",446,"Female",62,"Teacher","South",46,176.6,237
"447",447,"Female",43,"Business","South",26,431.07,284
"448",448,"Male",27,"Business","East",27,98.82,141
"449",449,"Male",62,"Business","South",49,57.87,64
"450",450,"Female",32,"Student","West",1,236.04,74
"451",451,"Male",34,"Engineer","Central",25,315.89,162
"452",452,"Male",64,"Engineer","South",7,282.34,141
"453",453,"Female",25,"Teacher","Central",29,470.61,315
"454",454,"Male",53,"Doctor","South",27,167.23,215
"455",455,"Female",23,"Doctor","North",15,369.82,298
"456",456,"Male",27,"Teacher","Central",31,125.67,217
"457",457,"Male",44,"Engineer","South",22,418.94,164
"458",458,"Female",37,"Business","West",36,387.55,307
"459",459,"Male",42,"Engineer","Central",45,180.5,220
"460",460,"Male",41,"Business","East",6,130.92,279
"461",461,"Male",33,"Business","Central",36,327.78,18
"462",462,"Female",61,"Student","Central",11,325.54,92
"463",463,"Female",33,"Engineer","North",5,439.57,16
"464",464,"Female",20,"Business","South",29,337.87,70
"465",465,"Female",49,"Business","West",16,91.35,216
"466",466,"Female",38,"Business","East",47,440.32,295
"467",467,"Female",56,"Engineer","Central",22,428.79,183
"468",468,"Male",20,"Doctor","West",36,272.97,285
"469",469,"Male",27,"Doctor","West",37,85.72,64
"470",470,"Male",38,"Teacher","South",27,59.74,86
"471",471,"Male",59,"Teacher","South",36,189.04,312
"472",472,"Female",24,"Engineer","North",0,379.26,309
"473",473,"Male",36,"Student","East",21,498.04,191
"474",474,"Female",46,"Engineer","West",20,254.79,151
"475",475,"Male",62,"Doctor","East",17,362.84,326
"476",476,"Male",59,"Teacher","South",50,475.1,219
"477",477,"Female",63,"Doctor","East",0,258.71,158
"478",478,"Male",41,"Business","West",37,368.03,231
"479",479,"Male",46,"Engineer","North",42,426.27,239
"480",480,"Male",47,"Doctor","East",11,71.95,252
"481",481,"Male",60,"Student","South",34,231.66,51
"482",482,"Female",62,"Student","South",28,293.3,42
"483",483,"Female",52,"Student","West",46,379.83,285
"484",484,"Female",59,"Engineer","South",45,115.65,111
"485",485,"Female",51,"Engineer","West",30,214.34,318
"486",486,"Male",56,"Doctor","East",0,58.99,259
"487",487,"Male",38,"Engineer","South",23,54.17,117
"488",488,"Male",60,"Teacher","Central",48,408.2,330
"489",489,"Male",60,"Student","Central",2,356.75,195
"490",490,"Male",43,"Doctor","Central",0,61.74,131
"491",491,"Female",50,"Student","South",44,187.03,332
"492",492,"Male",23,"Student","Central",1,476.75,336
"493",493,"Female",40,"Business","Central",12,177.4,50
"494",494,"Female",59,"Doctor","Central",42,211.42,141
"495",495,"Female",58,"Teacher","West",5,275.68,243
"496",496,"Male",61,"Teacher","West",37,169.39,257
"497",497,"Male",62,"Student","West",21,459.63,303
"498",498,"Female",35,"Teacher","South",6,131.26,264
"499",499,"Male",64,"Student","East",11,327.28,86
"500",500,"Male",38,"Engineer","Central",28,71.56,198
"501",501,"Male",50,"Student","West",0,410.02,211
"502",502,"Female",28,"Doctor","Central",50,347.72,58
"503",503,"Female",57,"Student","East",12,380.91,68
"504",504,"Female",62,"Doctor","North",30,69.58,246
"505",505,"Female",31,"Teacher","West",34,293.21,235
"506",506,"Male",19,"Teacher","West",24,331.51,75
"507",507,"Male",55,"Engineer","South",39,387.02,177
"508",508,"Female",62,"Engineer","North",24,117.29,38
"509",509,"Female",52,"Teacher","Central",14,250.25,51
"510",510,"Male",45,"Teacher","West",36,364.68,81
"511",511,"Female",62,"Business","North",10,97.6,61
"512",512,"Male",33,"Doctor","West",44,397.36,208
"513",513,"Male",33,"Student","Central",46,336.17,58
"514",514,"Female",62,"Business","East",45,316.54,61
"515",515,"Female",62,"Engineer","Central",23,55.12,138
"516",516,"Female",25,"Business","North",18,59,47
"517",517,"Female",62,"Student","West",34,122.91,304
"518",518,"Male",55,"Engineer","North",32,80.74,69
"519",519,"Female",55,"Engineer","South",44,264.32,128
"520",520,"Male",25,"Engineer","North",40,492.45,362
"521",521,"Female",48,"Engineer","West",48,246.26,363
"522",522,"Male",54,"Doctor","North",47,476.62,102
"523",523,"Female",40,"Doctor","South",24,201.7,183
"524",524,"Male",58,"Doctor","South",16,271.55,322
"525",525,"Female",27,"Business","West",38,427.36,339
"526",526,"Male",28,"Engineer","South",11,421.72,226
"527",527,"Male",44,"Teacher","North",10,114.08,207
"528",528,"Male",40,"Student","Central",43,101.95,82
"529",529,"Male",50,"Teacher","East",42,52.02,61
"530",530,"Male",39,"Business","North",4,383.56,313
"531",531,"Male",32,"Doctor","West",12,402.1,209
"532",532,"Female",21,"Student","East",31,145.92,361
"533",533,"Male",56,"Engineer","West",20,283.09,161
"534",534,"Male",60,"Doctor","Central",36,136.27,250
"535",535,"Female",27,"Doctor","East",18,255.56,171
"536",536,"Male",25,"Student","North",26,286.96,306
"537",537,"Male",48,"Doctor","East",26,206.52,58
"538",538,"Male",45,"Student","East",41,383.68,275
"539",539,"Female",52,"Student","South",46,70.61,145
"540",540,"Female",62,"Engineer","West",1,178.09,146
"541",541,"Female",37,"Engineer","North",44,126.67,316
"542",542,"Male",65,"Engineer","North",26,173.78,63
"543",543,"Male",25,"Engineer","East",11,362.33,19
"544",544,"Female",49,"Teacher","South",3,431.49,36
"545",545,"Female",20,"Business","East",27,278.38,37
"546",546,"Female",58,"Student","West",6,479.09,249
"547",547,"Female",65,"Doctor","South",30,85.08,236
"548",548,"Male",28,"Doctor","East",27,285.17,273
"549",549,"Male",30,"Business","Central",44,376.31,261
"550",550,"Male",56,"Doctor","North",50,95.13,263
"551",551,"Female",35,"Teacher","East",12,402.88,227
"552",552,"Female",56,"Business","Central",25,252.48,160
"553",553,"Female",38,"Teacher","North",47,250.9,313
"554",554,"Male",22,"Student","East",9,378.55,76
"555",555,"Male",48,"Engineer","North",0,272.06,132
"556",556,"Male",37,"Business","South",47,98.26,284
"557",557,"Male",35,"Student","North",40,464.27,61
"558",558,"Male",56,"Teacher","East",2,158.09,203
"559",559,"Female",20,"Engineer","North",0,344.08,78
"560",560,"Female",65,"Doctor","West",43,447.92,153
"561",561,"Female",25,"Doctor","Central",6,449.93,17
"562",562,"Female",36,"Teacher","East",46,488.99,28
"563",563,"Female",27,"Business","West",8,266.91,11
"564",564,"Male",32,"Teacher","Central",1,93.28,91
"565",565,"Male",29,"Teacher","Central",13,468.72,17
"566",566,"Female",52,"Student","East",20,192.35,58
"567",567,"Female",65,"Teacher","North",43,261.43,114
"568",568,"Male",49,"Student","Central",28,300.22,213
"569",569,"Female",59,"Teacher","West",17,419.28,254
"570",570,"Male",51,"Student","East",11,336.14,189
"571",571,"Female",57,"Doctor","South",21,214.31,62
"572",572,"Female",18,"Student","West",27,266.05,105
"573",573,"Female",30,"Engineer","South",42,113.33,255
"574",574,"Male",24,"Student","East",24,157.23,211
"575",575,"Female",28,"Student","Central",40,428.78,196
"576",576,"Female",28,"Teacher","West",34,415.63,269
"577",577,"Male",30,"Engineer","South",25,495.12,10
"578",578,"Female",54,"Doctor","Central",8,378.24,244
"579",579,"Female",51,"Student","South",32,217.52,261
"580",580,"Female",32,"Engineer","Central",13,279.67,340
"581",581,"Female",54,"Doctor","East",26,468.08,117
"582",582,"Female",31,"Teacher","East",50,310.31,13
"583",583,"Male",54,"Student","West",11,232.86,338
"584",584,"Female",43,"Doctor","Central",13,145.35,117
"585",585,"Female",45,"Engineer","South",11,419.96,173
"586",586,"Male",35,"Doctor","South",31,271.25,24
"587",587,"Female",34,"Engineer","North",19,122.58,70
"588",588,"Male",56,"Student","North",47,369.45,95
"589",589,"Female",62,"Engineer","East",22,323.87,317
"590",590,"Male",51,"Engineer","East",21,99.66,163
"591",591,"Female",29,"Doctor","West",3,150.14,228
"592",592,"Male",47,"Teacher","West",12,295.96,177
"593",593,"Male",52,"Student","Central",4,89.68,117
"594",594,"Female",37,"Teacher","South",35,108.08,164
"595",595,"Male",43,"Engineer","Central",19,384.7,194
"596",596,"Female",42,"Engineer","West",32,447.37,201
"597",597,"Female",25,"Teacher","Central",44,475.82,80
"598",598,"Male",37,"Teacher","South",29,165.69,147
"599",599,"Female",45,"Doctor","East",8,146.84,329
"600",600,"Male",63,"Engineer","South",8,143.79,60
"601",601,"Male",50,"Doctor","Central",44,134.77,82
"602",602,"Male",63,"Student","East",12,139.23,195
"603",603,"Male",38,"Teacher","East",45,113.79,134
"604",604,"Male",51,"Business","South",40,362.95,276
"605",605,"Female",22,"Doctor","South",33,195.54,41
"606",606,"Male",59,"Doctor","South",30,221.3,186
"607",607,"Female",29,"Student","South",28,386.23,342
"608",608,"Male",20,"Teacher","North",26,176.54,349
"609",609,"Female",35,"Doctor","South",8,392.83,254
"610",610,"Female",64,"Teacher","Central",27,82.86,155
"611",611,"Female",18,"Business","East",14,352,270
"612",612,"Female",25,"Engineer","South",11,463.63,67
"613",613,"Female",57,"Business","North",17,399.31,214
"614",614,"Male",47,"Engineer","East",43,383.21,118
"615",615,"Female",37,"Engineer","East",14,193.81,269
"616",616,"Female",51,"Doctor","Central",15,335.51,183
"617",617,"Female",38,"Student","East",22,244.15,133
"618",618,"Male",36,"Student","East",11,199.66,270
"619",619,"Female",60,"Business","Central",43,388.58,199
"620",620,"Male",64,"Teacher","North",39,59.37,222
"621",621,"Male",35,"Engineer","Central",49,225.11,121
"622",622,"Female",57,"Teacher","South",10,186.25,29
"623",623,"Female",41,"Business","North",17,125.65,196
"624",624,"Male",59,"Business","North",12,326.89,139
"625",625,"Female",46,"Engineer","West",14,87.87,140
"626",626,"Female",51,"Business","North",38,147.36,285
"627",627,"Male",39,"Engineer","North",3,498.43,136
"628",628,"Male",21,"Business","North",48,106.65,255
"629",629,"Female",40,"Teacher","Central",3,70.07,131
"630",630,"Female",34,"Student","South",38,454.48,105
"631",631,"Female",61,"Student","East",22,280.26,103
"632",632,"Female",37,"Teacher","North",36,72.93,310
"633",633,"Male",56,"Student","East",49,488.06,72
"634",634,"Male",26,"Business","North",12,121.12,140
"635",635,"Male",36,"Student","South",27,409.48,86
"636",636,"Female",38,"Doctor","South",43,119.99,52
"637",637,"Male",60,"Engineer","North",19,241.92,114
"638",638,"Female",60,"Doctor","West",13,136.39,155
"639",639,"Female",61,"Doctor","West",30,366.39,12
"640",640,"Female",34,"Student","North",22,410.32,146
"641",641,"Female",51,"Student","North",5,483.29,206
"642",642,"Male",24,"Student","South",33,71.61,47
"643",643,"Female",21,"Engineer","West",29,308.84,155
"644",644,"Male",62,"Teacher","West",29,239.34,338
"645",645,"Male",18,"Teacher","South",6,178.09,295
"646",646,"Female",45,"Doctor","Central",13,205.33,81
"647",647,"Male",34,"Teacher","Central",36,467.03,61
"648",648,"Male",53,"Business","West",7,458.32,149
"649",649,"Female",51,"Business","East",30,486.13,187
"650",650,"Male",44,"Business","Central",49,409.63,76
"651",651,"Female",46,"Teacher","East",2,123.09,116
"652",652,"Male",43,"Doctor","South",24,172.99,171
"653",653,"Female",38,"Doctor","South",31,393.73,273
"654",654,"Female",57,"Student","North",11,420.44,313
"655",655,"Male",52,"Teacher","Central",18,298.16,280
"656",656,"Male",30,"Doctor","West",24,115.19,113
"657",657,"Female",51,"Teacher","West",12,391.35,198
"658",658,"Male",53,"Teacher","Central",15,89.05,256
"659",659,"Female",58,"Teacher","East",4,365.36,177
"660",660,"Male",60,"Student","East",36,423.02,86
"661",661,"Male",45,"Engineer","Central",50,271.32,100
"662",662,"Male",27,"Engineer","East",7,296.43,276
"663",663,"Male",49,"Student","North",11,351.23,109
"664",664,"Male",63,"Engineer","East",1,65.79,142
"665",665,"Male",44,"Business","East",32,100.87,318
"666",666,"Female",50,"Doctor","North",18,359.51,94
"667",667,"Female",18,"Doctor","East",11,86.04,289
"668",668,"Male",31,"Student","Central",14,192.09,181
"669",669,"Female",49,"Teacher","West",22,394.01,294
"670",670,"Male",45,"Teacher","North",0,207.48,170
"671",671,"Female",60,"Teacher","North",12,290.43,103
"672",672,"Female",49,"Student","South",29,451.97,78
"673",673,"Female",58,"Engineer","South",1,251.44,39
"674",674,"Female",47,"Doctor","South",34,197.62,104
"675",675,"Male",54,"Business","South",0,71.09,48
"676",676,"Female",51,"Engineer","East",5,225.2,243
"677",677,"Female",58,"Doctor","North",40,178.03,324
"678",678,"Male",52,"Teacher","West",50,171.62,197
"679",679,"Male",41,"Doctor","East",2,309.29,272
"680",680,"Male",61,"Engineer","Central",32,333.27,173
"681",681,"Male",51,"Doctor","Central",36,191.02,15
"682",682,"Male",41,"Business","Central",11,359.92,247
"683",683,"Male",45,"Student","Central",5,289.58,212
"684",684,"Male",65,"Business","East",5,392,296
"685",685,"Male",35,"Engineer","North",13,342.43,116
"686",686,"Male",47,"Student","East",44,273.6,344
"687",687,"Male",39,"Teacher","North",50,250.39,230
"688",688,"Female",43,"Engineer","West",25,194.26,241
"689",689,"Female",37,"Student","East",33,349.49,141
"690",690,"Female",48,"Student","West",48,53.46,22
"691",691,"Female",57,"Business","Central",46,231.79,46
"692",692,"Female",47,"Engineer","Central",2,431.04,224
"693",693,"Female",25,"Business","West",34,218.8,27
"694",694,"Female",64,"Engineer","South",16,428.8,53
"695",695,"Male",42,"Student","West",35,229.87,227
"696",696,"Male",55,"Business","South",0,380.53,348
"697",697,"Female",52,"Teacher","Central",39,382.35,227
"698",698,"Female",18,"Student","South",17,196.89,348
"699",699,"Female",47,"Teacher","East",16,407.39,179
"700",700,"Male",64,"Teacher","North",21,414.94,251
"701",701,"Female",21,"Teacher","North",43,495.61,183
"702",702,"Male",45,"Student","South",1,440.33,8
"703",703,"Male",58,"Teacher","Central",25,123.23,99
"704",704,"Female",50,"Engineer","East",49,316,266
"705",705,"Male",60,"Student","Central",19,157.84,314
"706",706,"Female",23,"Teacher","East",6,266.98,96
"707",707,"Male",37,"Business","Central",37,383.12,53
"708",708,"Male",31,"Teacher","East",1,62.38,45
"709",709,"Male",26,"Doctor","South",34,477.16,314
"710",710,"Male",45,"Student","North",10,471.1,134
"711",711,"Male",48,"Doctor","Central",5,450.51,294
"712",712,"Male",41,"Student","East",8,320.18,40
"713",713,"Female",23,"Business","East",2,194,280
"714",714,"Male",61,"Business","West",22,344.13,331
"715",715,"Male",39,"Teacher","Central",31,161.97,84
"716",716,"Female",28,"Business","South",33,429.09,290
"717",717,"Male",26,"Doctor","West",9,479.79,321
"718",718,"Female",35,"Doctor","West",43,254.55,107
"719",719,"Male",60,"Teacher","East",28,472.35,169
"720",720,"Female",36,"Business","East",43,132.08,141
"721",721,"Male",50,"Student","West",41,313.22,241
"722",722,"Male",60,"Teacher","East",3,229.77,299
"723",723,"Male",57,"Student","West",48,479.97,269
"724",724,"Female",28,"Student","Central",46,119.08,261
"725",725,"Male",50,"Engineer","Central",11,273.57,210
"726",726,"Male",55,"Teacher","North",27,384.33,291
"727",727,"Male",51,"Business","South",19,143.02,334
"728",728,"Female",63,"Student","South",22,232.52,174
"729",729,"Female",54,"Business","Central",43,265.92,47
"730",730,"Male",18,"Teacher","North",28,252.57,346
"731",731,"Female",47,"Engineer","East",26,289.33,278
"732",732,"Female",35,"Business","South",33,217.85,329
"733",733,"Male",21,"Engineer","South",20,76.74,342
"734",734,"Male",32,"Student","East",37,439.49,154
"735",735,"Female",24,"Teacher","East",2,244.36,153
"736",736,"Male",31,"Teacher","East",25,97.92,54
"737",737,"Female",27,"Engineer","South",11,201.99,112
"738",738,"Female",52,"Engineer","West",18,243.87,140
"739",739,"Female",24,"Business","West",48,359.77,346
"740",740,"Male",22,"Engineer","North",47,78.49,57
"741",741,"Female",41,"Student","Central",45,183.93,1
"742",742,"Female",55,"Student","East",9,270.09,203
"743",743,"Female",22,"Engineer","West",26,358.33,223
"744",744,"Male",38,"Student","East",29,273.23,150
"745",745,"Male",58,"Engineer","East",39,366.85,189
"746",746,"Female",52,"Doctor","North",5,339.3,258
"747",747,"Female",20,"Doctor","East",46,225.5,40
"748",748,"Male",26,"Doctor","Central",32,278.26,62
"749",749,"Female",62,"Engineer","West",31,267.19,260
"750",750,"Female",44,"Engineer","East",38,384.75,201
"751",751,"Female",46,"Engineer","Central",44,496.12,123
"752",752,"Female",44,"Engineer","West",29,272.89,213
"753",753,"Male",56,"Student","South",4,472.64,120
"754",754,"Male",59,"Doctor","Central",48,293.08,223
"755",755,"Male",34,"Student","South",28,473,329
"756",756,"Male",51,"Teacher","North",48,462.02,331
"757",757,"Female",37,"Doctor","East",50,285.43,358
"758",758,"Female",43,"Engineer","East",28,409.98,38
"759",759,"Male",29,"Business","East",5,140.23,289
"760",760,"Female",41,"Business","West",5,468.3,207
"761",761,"Female",41,"Student","South",18,372.22,320
"762",762,"Female",55,"Student","West",41,393.73,275
"763",763,"Male",47,"Engineer","Central",46,286.85,280
"764",764,"Female",39,"Teacher","Central",25,188.51,265
"765",765,"Male",47,"Student","West",16,499.92,327
"766",766,"Male",27,"Engineer","South",11,289.87,14
"767",767,"Female",65,"Engineer","North",1,62.01,48
"768",768,"Female",50,"Student","West",21,70.71,243
"769",769,"Female",59,"Engineer","North",33,238.83,27
"770",770,"Female",24,"Doctor","West",26,312.19,292
"771",771,"Male",42,"Doctor","South",33,468.98,63
"772",772,"Male",41,"Student","North",3,252.09,331
"773",773,"Male",19,"Business","South",39,58.07,121
"774",774,"Female",53,"Student","Central",36,430.46,203
"775",775,"Male",25,"Teacher","North",15,228.91,30
"776",776,"Female",64,"Student","North",50,366.96,124
"777",777,"Female",31,"Teacher","Central",1,333.88,291
"778",778,"Female",34,"Engineer","West",36,440.81,1
"779",779,"Male",54,"Doctor","North",18,235.88,224
"780",780,"Male",34,"Business","North",41,495.43,177
"781",781,"Male",33,"Business","South",27,129.08,330
"782",782,"Male",49,"Engineer","East",4,139.89,272
"783",783,"Male",42,"Doctor","West",12,253.11,96
"784",784,"Female",55,"Student","Central",34,256.36,289
"785",785,"Female",20,"Business","West",15,459.34,299
"786",786,"Female",31,"Student","East",43,264.64,31
"787",787,"Female",26,"Doctor","Central",35,89.95,13
"788",788,"Female",61,"Teacher","East",35,176,334
"789",789,"Male",26,"Doctor","Central",35,464.65,290
"790",790,"Female",41,"Teacher","East",48,481.91,277
"791",791,"Female",63,"Teacher","South",0,418.84,177
"792",792,"Male",20,"Teacher","Central",27,128.1,228
"793",793,"Male",53,"Doctor","South",17,98.65,292
"794",794,"Female",52,"Doctor","North",3,239.23,233
"795",795,"Male",56,"Engineer","North",39,80.02,361
"796",796,"Female",50,"Engineer","North",41,335.84,99
"797",797,"Male",54,"Business","South",31,281.2,1
"798",798,"Female",39,"Student","North",9,306.43,227
"799",799,"Female",21,"Engineer","North",33,325.7,129
"800",800,"Male",46,"Engineer","South",20,257.98,232
"801",801,"Female",44,"Teacher","East",50,447,161
"802",802,"Female",25,"Doctor","North",2,232.14,342
"803",803,"Female",61,"Engineer","East",19,268.26,279
"804",804,"Male",61,"Student","North",19,278.73,103
"805",805,"Male",29,"Engineer","West",2,348.3,78
"806",806,"Male",64,"Engineer","Central",50,179.93,160
"807",807,"Female",26,"Business","Central",49,455.6,19
"808",808,"Male",41,"Doctor","East",47,190.69,299
"809",809,"Male",20,"Engineer","Central",44,445.61,99
"810",810,"Female",20,"Doctor","Central",13,417.21,253
"811",811,"Female",43,"Engineer","North",14,408.03,283
"812",812,"Male",58,"Business","Central",9,469.17,183
"813",813,"Female",24,"Engineer","South",4,332.15,135
"814",814,"Female",44,"Student","South",1,125,36
"815",815,"Female",40,"Teacher","Central",45,341.77,108
"816",816,"Female",61,"Teacher","Central",6,262.06,244
"817",817,"Female",62,"Doctor","West",15,448.45,59
"818",818,"Male",49,"Engineer","West",35,393.87,197
"819",819,"Female",32,"Engineer","West",22,439.17,143
"820",820,"Female",64,"Business","North",49,330.51,230
"821",821,"Male",37,"Business","East",40,263.96,165
"822",822,"Male",52,"Engineer","South",12,470.25,345
"823",823,"Male",44,"Teacher","South",32,339.03,29
"824",824,"Female",62,"Student","North",17,176.57,19
"825",825,"Male",36,"Student","South",24,479.63,195
"826",826,"Female",19,"Business","Central",11,199.22,271
"827",827,"Female",39,"Doctor","West",16,468.23,321
"828",828,"Female",54,"Engineer","North",35,360.71,142
"829",829,"Male",58,"Student","East",11,123.9,199
"830",830,"Male",50,"Doctor","South",38,210.36,365
"831",831,"Female",21,"Business","North",1,466.8,330
"832",832,"Female",35,"Business","Central",43,489.84,229
"833",833,"Male",54,"Doctor","East",38,259.61,46
"834",834,"Female",52,"Teacher","North",13,187.72,113
"835",835,"Female",59,"Doctor","East",16,76,254
"836",836,"Male",42,"Teacher","East",44,337.66,71
"837",837,"Male",56,"Business","West",28,455.86,42
"838",838,"Female",31,"Student","South",39,422.65,301
"839",839,"Female",44,"Student","South",48,290.15,259
"840",840,"Male",27,"Teacher","South",33,117.11,354
"841",841,"Male",40,"Student","West",4,424.96,54
"842",842,"Male",27,"Student","North",3,440.22,105
"843",843,"Male",38,"Doctor","East",39,488.19,363
"844",844,"Male",58,"Business","Central",6,85.84,244
"845",845,"Male",56,"Teacher","West",30,436.96,40
"846",846,"Male",23,"Teacher","East",7,131.46,160
"847",847,"Female",45,"Engineer","North",14,212.82,1
"848",848,"Female",25,"Engineer","West",42,492.92,130
"849",849,"Male",48,"Doctor","East",21,250.85,302
"850",850,"Male",43,"Student","East",10,435.98,6
"851",851,"Male",41,"Doctor","Central",17,122.8,292
"852",852,"Male",54,"Student","South",43,134.72,52
"853",853,"Male",36,"Engineer","North",23,142.53,207
"854",854,"Female",37,"Business","West",18,60.29,359
"855",855,"Female",28,"Student","Central",2,359.5,349
"856",856,"Female",44,"Teacher","South",43,52.13,76
"857",857,"Male",24,"Teacher","East",40,222.06,207
"858",858,"Male",59,"Student","South",38,488.52,153
"859",859,"Female",61,"Business","West",27,385.17,43
"860",860,"Male",21,"Student","North",26,458.67,37
"861",861,"Female",48,"Student","West",26,408.83,233
"862",862,"Female",52,"Engineer","Central",1,146.45,218
"863",863,"Male",18,"Doctor","East",9,338.84,92
"864",864,"Female",65,"Business","West",26,89.22,233
"865",865,"Male",22,"Doctor","West",5,205.28,82
"866",866,"Male",34,"Engineer","East",26,489.81,351
"867",867,"Male",60,"Engineer","Central",29,80.18,155
"868",868,"Female",18,"Engineer","North",43,415.59,53
"869",869,"Male",41,"Business","Central",4,295.53,348
"870",870,"Male",50,"Doctor","West",30,160.43,123
"871",871,"Female",35,"Business","South",19,117.35,61
"872",872,"Male",20,"Engineer","West",48,247.33,38
"873",873,"Female",22,"Engineer","North",19,383.38,81
"874",874,"Female",56,"Engineer","East",5,472.45,323
"875",875,"Female",23,"Engineer","North",1,401.09,205
"876",876,"Female",33,"Doctor","South",25,426.53,103
"877",877,"Female",30,"Teacher","East",2,330.8,35
"878",878,"Female",50,"Engineer","South",43,108.4,159
"879",879,"Male",27,"Business","Central",15,117.32,52
"880",880,"Female",31,"Business","North",42,329.5,363
"881",881,"Male",59,"Engineer","Central",19,151.29,88
"882",882,"Female",51,"Business","East",8,432.93,184
"883",883,"Male",33,"Engineer","North",24,190.19,337
"884",884,"Male",58,"Engineer","South",49,403.93,131
"885",885,"Female",34,"Teacher","South",31,301.34,189
"886",886,"Male",19,"Teacher","East",6,414.13,363
"887",887,"Male",32,"Student","North",12,495.85,70
"888",888,"Male",40,"Doctor","Central",25,176.69,262
"889",889,"Male",44,"Engineer","Central",24,130.38,203
"890",890,"Male",57,"Student","Central",41,374.5,35
"891",891,"Female",20,"Teacher","North",46,56.98,301
"892",892,"Female",51,"Business","West",11,488.72,333
"893",893,"Male",20,"Teacher","South",26,253.44,269
"894",894,"Female",60,"Engineer","Central",28,71.83,171
"895",895,"Male",54,"Student","East",40,140.3,225
"896",896,"Female",39,"Doctor","South",23,97.32,5
"897",897,"Female",50,"Engineer","Central",45,56.71,232
"898",898,"Male",20,"Engineer","North",1,469.51,53
"899",899,"Female",31,"Engineer","South",32,135.94,59
"900",900,"Female",55,"Doctor","East",13,486.68,227
"901",901,"Male",33,"Teacher","North",21,209.46,227
"902",902,"Female",27,"Doctor","West",44,469.55,125
"903",903,"Male",44,"Business","Central",14,110.83,292
"904",904,"Male",25,"Engineer","East",34,434.39,151
"905",905,"Male",40,"Student","North",18,393.3,114
"906",906,"Female",26,"Student","East",44,338.18,104
"907",907,"Male",52,"Business","Central",28,418.08,187
"908",908,"Male",51,"Teacher","North",16,276.09,303
"909",909,"Male",55,"Doctor","West",24,217.7,91
"910",910,"Male",51,"Business","Central",37,450.83,256
"911",911,"Female",65,"Doctor","East",37,81.15,356
"912",912,"Male",47,"Teacher","West",39,83.3,340
"913",913,"Female",42,"Doctor","Central",27,375.71,329
"914",914,"Male",47,"Teacher","North",18,479.05,57
"915",915,"Female",26,"Engineer","North",11,138.34,310
"916",916,"Male",54,"Engineer","East",8,246.25,182
"917",917,"Male",34,"Engineer","Central",45,141.48,82
"918",918,"Female",61,"Teacher","Central",26,466.55,241
"919",919,"Male",37,"Student","North",5,301.67,113
"920",920,"Male",53,"Engineer","North",45,218.78,154
"921",921,"Female",55,"Business","West",1,124.02,332
"922",922,"Female",51,"Doctor","East",50,486.67,47
"923",923,"Male",20,"Teacher","Central",22,222.85,84
"924",924,"Male",34,"Engineer","West",31,268.52,287
"925",925,"Female",41,"Engineer","East",40,149.16,103
"926",926,"Female",28,"Engineer","Central",39,200.67,18
"927",927,"Female",25,"Engineer","South",12,343.66,46
"928",928,"Female",56,"Business","North",10,388.88,358
"929",929,"Female",37,"Student","Central",45,139.41,47
"930",930,"Female",45,"Student","South",5,178.59,267
"931",931,"Male",40,"Doctor","West",0,139.73,360
"932",932,"Female",50,"Business","East",18,304.92,158
"933",933,"Male",36,"Student","West",20,125.62,235
"934",934,"Male",33,"Business","Central",7,474.63,177
"935",935,"Female",57,"Business","Central",44,276.98,287
"936",936,"Female",27,"Teacher","West",42,71.18,313
"937",937,"Female",27,"Doctor","Central",30,449.51,196
"938",938,"Male",36,"Business","Central",6,138.55,253
"939",939,"Male",30,"Student","South",11,134.17,194
"940",940,"Female",40,"Business","North",40,304.76,184
"941",941,"Male",61,"Student","Central",14,313.85,145
"942",942,"Female",57,"Engineer","Central",8,486.49,116
"943",943,"Male",55,"Teacher","South",42,165.14,207
"944",944,"Male",56,"Doctor","West",30,409.69,363
"945",945,"Female",56,"Teacher","East",30,112.18,299
"946",946,"Male",54,"Student","East",14,160.22,292
"947",947,"Male",18,"Doctor","North",42,438.08,165
"948",948,"Female",60,"Engineer","Central",25,328.03,46
"949",949,"Female",51,"Doctor","East",20,178.07,185
"950",950,"Male",40,"Engineer","East",43,344.01,331
"951",951,"Male",59,"Engineer","Central",13,476.36,258
"952",952,"Male",55,"Business","West",40,256.58,72
"953",953,"Female",53,"Business","Central",42,160.72,203
"954",954,"Male",29,"Doctor","Central",0,289.29,20
"955",955,"Male",23,"Engineer","West",7,384.98,11
"956",956,"Male",34,"Student","North",10,119.3,89
"957",957,"Male",63,"Business","East",43,439.99,213
"958",958,"Female",18,"Engineer","West",42,340.11,244
"959",959,"Female",60,"Engineer","Central",1,492.73,11
"960",960,"Female",37,"Teacher","South",26,122.14,321
"961",961,"Male",43,"Engineer","East",2,141.35,209
"962",962,"Male",36,"Student","Central",23,427.93,54
"963",963,"Female",54,"Doctor","Central",27,288.7,239
"964",964,"Male",20,"Engineer","West",14,102.3,298
"965",965,"Female",62,"Business","East",34,421.39,246
"966",966,"Female",36,"Doctor","Central",40,430.15,351
"967",967,"Female",37,"Engineer","North",8,188.58,57
"968",968,"Male",48,"Engineer","Central",33,456.44,97
"969",969,"Female",31,"Engineer","Central",5,375.81,274
"970",970,"Male",51,"Doctor","East",24,447.5,324
"971",971,"Female",50,"Teacher","North",26,200.01,7
"972",972,"Male",39,"Doctor","West",4,498.31,34
"973",973,"Male",63,"Student","Central",26,107.84,347
"974",974,"Male",24,"Student","Central",48,62.52,212
"975",975,"Male",64,"Engineer","North",30,55.69,112
"976",976,"Male",55,"Business","East",22,149.43,250
"977",977,"Female",61,"Engineer","West",19,363.47,340
"978",978,"Male",60,"Teacher","West",8,64.55,152
"979",979,"Female",27,"Business","Central",10,214.79,10
"980",980,"Male",47,"Doctor","East",28,281.03,25
"981",981,"Male",42,"Doctor","Central",2,480.69,305
"982",982,"Female",27,"Doctor","Central",31,96.93,139
"983",983,"Male",47,"Doctor","South",8,109.46,22
"984",984,"Male",44,"Engineer","East",40,328.29,256
"985",985,"Female",36,"Business","West",10,190.67,111
"986",986,"Male",59,"Student","North",33,270.14,25
"987",987,"Male",26,"Engineer","South",27,405.62,322
"988",988,"Male",39,"Doctor","Central",22,56.89,82
"989",989,"Male",44,"Teacher","East",7,228.67,74
"990",990,"Female",25,"Doctor","Central",2,353.24,21
"991",991,"Male",36,"Engineer","West",16,359.26,205
"992",992,"Female",24,"Student","North",14,456.85,91
"993",993,"Male",43,"Business","East",47,460.37,133
"994",994,"Male",33,"Student","North",0,169.05,59
"995",995,"Female",25,"Doctor","Central",34,493.36,96
"996",996,"Female",40,"Engineer","Central",44,80.49,132
"997",997,"Female",38,"Engineer","Central",29,284.22,151
"998",998,"Female",33,"Doctor","West",11,447.9,269
"999",999,"Male",48,"Student","Central",46,140.44,102
"1000",1000,"Male",46,"Student","North",37,315.12,331
